{"dashboard":{"annotations":{"list":[{"builtIn":1,"datasource":"-- Grafana --","enable":true,"hide":true,"iconColor":"rgba(0, 211, 255, 1)","name":"Annotations \u0026 Alerts","type":"dashboard"}]},"editable":true,"gnetId":null,"graphTooltip":0,"id":null,"links":[],"panels":[{"aliasColors":{},"bars":false,"dashLength":10,"dashes":false,"datasource":null,"fieldConfig":{"defaults":{"custom":{}},"overrides":[]},"fill":1,"fillGradient":0,"gridPos":{"h":8,"w":12,"x":0,"y":0},"hiddenSeries":false,"id":6,"legend":{"avg":false,"current":false,"max":false,"min":false,"show":true,"total":false,"values":false},"lines":true,"linewidth":1,"nullPointMode":"null","options":{"dataLinks":[]},"percentage":false,"pointradius":2,"points":false,"renderer":"flot","seriesOverrides":[],"spaceLength":10,"stack":false,"steppedLine":false,"targets":[{"groupBy":[{"params":["$__interval"],"type":"time"},{"params":["null"],"type":"fill"}],"measurement":"event","orderByTime":"ASC","policy":"autogen","refId":"A","resultFormat":"time_series","select":[[{"params":["value"],"type":"field"},{"params":[],"type":"count"}]],"tags":[{"key":"location","operator":"=","value":"cam_name"}]}],"thresholds":[],"timeFrom":null,"timeRegions":[],"timeShift":null,"title":"Panel Title","tooltip":{"shared":true,"sort":0,"value_type":"individual"},"type":"graph","xaxis":{"buckets":null,"mode":"time","name":null,"show":true,"values":[]},"yaxes":[{"format":"short","label":null,"logBase":1,"max":null,"min":null,"show":true},{"format":"short","label":null,"logBase":1,"max":null,"min":null,"show":true}],"yaxis":{"align":false,"alignLevel":null}},{"aliasColors":{},"cacheTimeout":null,"css_data":"","datasource":null,"doInit":{},"fieldConfig":{"defaults":{"custom":{}},"overrides":[]},"format":"short","gridPos":{"h":8,"w":12,"x":0,"y":8},"handleMetric":{},"html_data":"\u003cimg src=\"http://localhost:ports/cam_name\" width=\"640\" height=\"480\" alt=\"cam_name\"\u003e","id":4,"interval":null,"js_code":"","js_init_code":"","links":[],"maxDataPoints":3,"nullPointMode":"connected","targets":[{"groupBy":[{"params":["$__interval"],"type":"time"},{"params":["null"],"type":"fill"}],"orderByTime":"ASC","policy":"default","refId":"A","resultFormat":"time_series","select":[[{"params":["value"],"type":"field"},{"params":[],"type":"mean"}]],"tags":[]}],"timeFrom":null,"timeShift":null,"title":"cam_name streaming","type":"aidanmountford-html-panel"}],"schemaVersion":25,"style":"dark","tags":[],"templating":{"list":[]},"time":{"from":"now-6h","to":"now"},"timepicker":{"refresh_intervals":["10s","30s","1m","5m","15m","30m","1h","2h","1d"]},"timezone":"","title":"cam_name","uid":"000","version":2}}